Metric,Mean,Std,Min,Max,Range,CV
1 Simple Xg,3.813842105263158,1.3934886182144373,1.17,8.56,7.390000000000001,0.36537658868766554
2 Shot Quality,11.039842105263157,2.570642092271929,5.16,19.275,14.114999999999998,0.23285134585814374
3 Chances,12.721273684210527,3.0067519144909673,5.476,22.245000000000005,16.769000000000005,0.2363562005762762
4 End To End,14.029578947368421,4.591200006572048,2.88,27.18,24.3,0.3272514466610729
5 Intensity,8.840747368421052,1.904403296284878,3.4760000000000004,15.252000000000002,11.776000000000002,0.2154120253551598
6 Comprehensive,9.550447368421052,2.0943815397777747,3.88,16.1875,12.307500000000001,0.21929669459285578
7 Minimal,12.09938947368421,2.801847623709257,5.752000000000001,21.690000000000005,15.938000000000004,0.23156933908137986
